<?xml version="1.0" encoding='UTF-8' standalone='no' ?>
<!DOCTYPE score-partwise PUBLIC "-//Recordare//DTD MusicXML 3.0 Partwise//EN" "http://www.musicxml.org/dtds/partwise.dtd">
<score-partwise version="3.0">
 <work>
  <work-title>14.远方</work-title>
 </work>
 <identification>
  <rights>14.远方</rights>
  <encoding>
   <encoding-date>2016-10-24</encoding-date>
   <encoder>Peter</encoder>
   <software>Sibelius 8.0.0</software>
   <software>Direct export, not from Dolet</software>
   <encoding-description>Sibelius / MusicXML 3.0</encoding-description>
   <supports element="print" type="yes" value="yes" attribute="new-system" />
   <supports element="print" type="yes" value="yes" attribute="new-page" />
   <supports element="accidental" type="yes" />
   <supports element="beam" type="yes" />
   <supports element="stem" type="yes" />
  </encoding>
 </identification>
 <defaults>
  <scaling>
   <millimeters>210</millimeters>
   <tenths>1200</tenths>
  </scaling>
  <page-layout>
   <page-height>1697</page-height>
   <page-width>1200</page-width>
   <page-margins type="both">
    <left-margin>71</left-margin>
    <right-margin>71</right-margin>
    <top-margin>71</top-margin>
    <bottom-margin>71</bottom-margin>
   </page-margins>
  </page-layout>
  <system-layout>
   <system-margins>
    <left-margin>64</left-margin>
    <right-margin>0</right-margin>
   </system-margins>
   <system-distance>92</system-distance>
  </system-layout>
  <appearance>
   <line-width type="stem">0.9375</line-width>
   <line-width type="beam">5</line-width>
   <line-width type="staff">0.9375</line-width>
   <line-width type="light barline">1.5625</line-width>
   <line-width type="heavy barline">5</line-width>
   <line-width type="leger">1.5625</line-width>
   <line-width type="ending">1.5625</line-width>
   <line-width type="wedge">1.25</line-width>
   <line-width type="enclosure">0.9375</line-width>
   <line-width type="tuplet bracket">1.25</line-width>
   <line-width type="bracket">5</line-width>
   <line-width type="dashes">1.5625</line-width>
   <line-width type="extend">0.9375</line-width>
   <line-width type="octave shift">1.5625</line-width>
   <line-width type="pedal">1.5625</line-width>
   <line-width type="slur middle">1.5625</line-width>
   <line-width type="slur tip">0.625</line-width>
   <line-width type="tie middle">1.5625</line-width>
   <line-width type="tie tip">0.625</line-width>
   <note-size type="cue">75</note-size>
   <note-size type="grace">60</note-size>
  </appearance>
  <music-font font-family="Opus Std" font-size="19.8425" />
  <lyric-font font-family="SimHei" font-size="11.4715" />
  <lyric-language xml:lang="zh" />
 </defaults>
 <credit page="1">
  <credit-words default-x="600" default-y="155" font-family="SimHei" font-style="normal" font-size="22.0128" font-weight="normal" justify="center" valign="middle">14.远方</credit-words>
 </credit>
 <credit page="1">
  <credit-words default-x="600" default-y="145" font-family="SimHei" font-style="normal" font-size="10.0763" font-weight="normal" justify="center" valign="middle">14.远方</credit-words>
 </credit>
 <credit page="2">
  <credit-words default-x="71" default-y="1625" font-style="normal" font-weight="normal" justify="left" valign="middle">2</credit-words>
 </credit>
 <part-list>
  <part-group type="start" number="1">
   <group-symbol>brace</group-symbol>
  </part-group>
  <score-part id="P1">
   <part-name>Piano</part-name>
   <part-name-display>
    <display-text>Piano</display-text>
   </part-name-display>
   <part-abbreviation>Pno.</part-abbreviation>
   <part-abbreviation-display>
    <display-text>Pno.</display-text>
   </part-abbreviation-display>
   <score-instrument id="P1-I1">
    <instrument-name>Piano (2)</instrument-name>
    <instrument-sound>keyboard.piano.grand</instrument-sound>
    <solo />
    <virtual-instrument>
     <virtual-library>General MIDI</virtual-library>
     <virtual-name>Acoustic Piano</virtual-name>
    </virtual-instrument>
   </score-instrument>
  </score-part>
  <part-group type="stop" number="1" />
 </part-list>
 <part id="P1">
  <!--============== Part: P1, Measure: 1 ==============-->
  <measure number="1" width="290">
   <print new-page="yes">
    <system-layout>
     <system-margins>
      <left-margin>77</left-margin>
      <right-margin>0</right-margin>
     </system-margins>
     <top-system-distance>221</top-system-distance>
    </system-layout>
    <staff-layout number="2">
     <staff-distance>55</staff-distance>
    </staff-layout>
   </print>
   <attributes>
    <divisions>256</divisions>
    <key color="#000000">
     <fifths>0</fifths>
     <mode>major</mode>
    </key>
    <time color="#000000">
     <beats>4</beats>
     <beat-type>4</beat-type>
    </time>
    <staves>2</staves>
    <clef number="1" color="#000000">
     <sign>G</sign>
     <line>2</line>
    </clef>
    <clef number="2" color="#000000">
     <sign>F</sign>
     <line>4</line>
    </clef>
    <staff-details number="1" print-object="yes" />
    <staff-details number="2" print-object="yes" />
   </attributes>
   <direction>
    <direction-type>
     <words default-x="55" default-y="41" justify="left" valign="middle" font-family="SimHei" font-style="normal" font-size="11.9365" font-weight="normal">G音（右手）渐强渐弱符号</words>
    </direction-type>
    <voice>1</voice>
    <staff>1</staff>
   </direction>
   <direction>
    <direction-type>
     <metronome default-y="30" color="#000000" font-family="Opus Text Std" font-style="normal" font-size="1.7052" font-weight="normal">
      <beat-unit>quarter</beat-unit>
      <per-minute>70</per-minute>
     </metronome>
    </direction-type>
    <voice>1</voice>
    <staff>1</staff>
   </direction>
   <note default-x="61">
    <rest />
    <duration>1024</duration>
    <instrument id="P1-I1" />
    <voice>1</voice>
    <type>whole</type>
    <staff>1</staff>
   </note>
   <backup>
    <duration>1024</duration>
   </backup>
   <note default-x="61">
    <rest />
    <duration>1024</duration>
    <instrument id="P1-I1" />
    <voice>2</voice>
    <type>whole</type>
    <staff>2</staff>
   </note>
  </measure>
  <!--============== Part: P1, Measure: 2 ==============-->
  <measure number="2" width="229">
   <attributes />
   <note>
    <rest />
    <duration>1024</duration>
    <instrument id="P1-I1" />
    <voice>1</voice>
    <type>whole</type>
    <staff>1</staff>
   </note>
   <backup>
    <duration>1024</duration>
   </backup>
   <note>
    <rest />
    <duration>1024</duration>
    <instrument id="P1-I1" />
    <voice>2</voice>
    <type>whole</type>
    <staff>2</staff>
   </note>
  </measure>
  <!--============== Part: P1, Measure: 3 ==============-->
  <measure number="3" width="229">
   <attributes />
   <note>
    <rest />
    <duration>1024</duration>
    <instrument id="P1-I1" />
    <voice>1</voice>
    <type>whole</type>
    <staff>1</staff>
   </note>
   <backup>
    <duration>1024</duration>
   </backup>
   <note>
    <rest />
    <duration>1024</duration>
    <instrument id="P1-I1" />
    <voice>2</voice>
    <type>whole</type>
    <staff>2</staff>
   </note>
  </measure>
  <!--============== Part: P1, Measure: 4 ==============-->
  <measure number="4" width="229">
   <attributes />
   <note>
    <rest />
    <duration>1024</duration>
    <instrument id="P1-I1" />
    <voice>1</voice>
    <type>whole</type>
    <staff>1</staff>
   </note>
   <backup>
    <duration>1024</duration>
   </backup>
   <note>
    <rest />
    <duration>1024</duration>
    <instrument id="P1-I1" />
    <voice>2</voice>
    <type>whole</type>
    <staff>2</staff>
   </note>
  </measure>
  <!--============== Part: P1, Measure: 5 ==============-->
  <measure number="5" width="281">
   <print new-system="yes">
    <system-layout>
     <system-margins>
      <left-margin>22</left-margin>
      <right-margin>0</right-margin>
     </system-margins>
     <system-distance>90</system-distance>
    </system-layout>
    <staff-layout number="2">
     <staff-distance>55</staff-distance>
    </staff-layout>
   </print>
   <attributes>
    <staff-details number="1" print-object="yes" />
    <staff-details number="2" print-object="yes" />
   </attributes>
   <direction>
    <direction-type>
     <words default-x="61" default-y="15" justify="left" valign="middle" font-family="SimHei" font-style="normal" font-size="6.9759" font-weight="bold">1</words>
    </direction-type>
    <voice>1</voice>
    <staff>1</staff>
   </direction>
   <direction>
    <direction-type>
     <dynamics default-x="51" default-y="-70" color="#000000" font-family="Opus Text Std" font-style="normal" font-size="11.9365" font-weight="normal">
      <p />
     </dynamics>
    </direction-type>
    <voice>1</voice>
    <staff>1</staff>
   </direction>
   <note color="#000000" default-x="57" default-y="-15">
    <pitch>
     <step>C</step>
     <octave>4</octave>
    </pitch>
    <duration>256</duration>
    <instrument id="P1-I1" />
    <voice>1</voice>
    <type>quarter</type>
    <stem>up</stem>
    <staff>1</staff>
   </note>
   <direction>
    <direction-type>
     <words default-x="122" default-y="15" justify="left" valign="middle" font-family="SimHei" font-style="normal" font-size="6.9759" font-weight="bold">1</words>
    </direction-type>
    <voice>1</voice>
    <staff>1</staff>
   </direction>
   <note color="#000000" default-x="118" default-y="-15">
    <pitch>
     <step>C</step>
     <octave>4</octave>
    </pitch>
    <duration>256</duration>
    <instrument id="P1-I1" />
    <voice>1</voice>
    <type>quarter</type>
    <stem>up</stem>
    <staff>1</staff>
   </note>
   <direction>
    <direction-type>
     <words default-x="182" default-y="15" justify="left" valign="middle" font-family="SimHei" font-style="normal" font-size="6.9759" font-weight="bold">1</words>
    </direction-type>
    <voice>1</voice>
    <staff>1</staff>
   </direction>
   <note color="#000000" default-x="178" default-y="-15">
    <pitch>
     <step>C</step>
     <octave>4</octave>
    </pitch>
    <duration>512</duration>
    <instrument id="P1-I1" />
    <voice>1</voice>
    <type>half</type>
    <stem>up</stem>
    <staff>1</staff>
   </note>
   <backup>
    <duration>1024</duration>
   </backup>
   <note default-x="57">
    <rest />
    <duration>1024</duration>
    <instrument id="P1-I1" />
    <voice>2</voice>
    <type>whole</type>
    <staff>2</staff>
   </note>
  </measure>
  <!--============== Part: P1, Measure: 6 ==============-->
  <measure number="6" width="238">
   <attributes />
   <direction>
    <direction-type>
     <words default-x="19" default-y="15" justify="left" valign="middle" font-family="SimHei" font-style="normal" font-size="6.9759" font-weight="bold">2</words>
    </direction-type>
    <voice>1</voice>
    <staff>1</staff>
   </direction>
   <note color="#000000" default-x="15" default-y="-10">
    <pitch>
     <step>D</step>
     <octave>4</octave>
    </pitch>
    <duration>256</duration>
    <instrument id="P1-I1" />
    <voice>1</voice>
    <type>quarter</type>
    <stem>up</stem>
    <staff>1</staff>
   </note>
   <direction>
    <direction-type>
     <words default-x="79" default-y="15" justify="left" valign="middle" font-family="SimHei" font-style="normal" font-size="6.9759" font-weight="bold">2</words>
    </direction-type>
    <voice>1</voice>
    <staff>1</staff>
   </direction>
   <note color="#000000" default-x="75" default-y="-10">
    <pitch>
     <step>D</step>
     <octave>4</octave>
    </pitch>
    <duration>256</duration>
    <instrument id="P1-I1" />
    <voice>1</voice>
    <type>quarter</type>
    <stem>up</stem>
    <staff>1</staff>
   </note>
   <direction>
    <direction-type>
     <words default-x="140" default-y="15" justify="left" valign="middle" font-family="SimHei" font-style="normal" font-size="6.9759" font-weight="bold">2</words>
    </direction-type>
    <voice>1</voice>
    <staff>1</staff>
   </direction>
   <note color="#000000" default-x="136" default-y="-10">
    <pitch>
     <step>D</step>
     <octave>4</octave>
    </pitch>
    <duration>512</duration>
    <instrument id="P1-I1" />
    <voice>1</voice>
    <type>half</type>
    <stem>up</stem>
    <staff>1</staff>
   </note>
   <backup>
    <duration>512</duration>
   </backup>
   <direction>
    <direction-type>
     <wedge default-y="23" color="#000000" type="crescendo" />
    </direction-type>
    <voice>1</voice>
    <staff>2</staff>
   </direction>
   <backup>
    <duration>512</duration>
   </backup>
   <note default-x="15">
    <rest />
    <duration>1024</duration>
    <instrument id="P1-I1" />
    <voice>2</voice>
    <type>whole</type>
    <staff>2</staff>
   </note>
  </measure>
  <!--============== Part: P1, Measure: 7 ==============-->
  <measure number="7" width="257">
   <attributes />
   <direction>
    <direction-type>
     <words default-x="19" default-y="15" justify="left" valign="middle" font-family="SimHei" font-style="normal" font-size="6.9759" font-weight="bold">3</words>
    </direction-type>
    <voice>1</voice>
    <staff>1</staff>
   </direction>
   <note color="#000000" default-x="15" default-y="-5">
    <pitch>
     <step>E</step>
     <octave>4</octave>
    </pitch>
    <duration>256</duration>
    <instrument id="P1-I1" />
    <voice>1</voice>
    <type>quarter</type>
    <stem>up</stem>
    <staff>1</staff>
   </note>
   <direction>
    <direction-type>
     <words default-x="79" default-y="15" justify="left" valign="middle" font-family="SimHei" font-style="normal" font-size="6.9759" font-weight="bold">4</words>
    </direction-type>
    <voice>1</voice>
    <staff>1</staff>
   </direction>
   <note color="#000000" default-x="75">
    <pitch>
     <step>F</step>
     <octave>4</octave>
    </pitch>
    <duration>256</duration>
    <instrument id="P1-I1" />
    <voice>1</voice>
    <type>quarter</type>
    <stem>up</stem>
    <staff>1</staff>
   </note>
   <direction>
    <direction-type>
     <words default-x="140" default-y="15" justify="left" valign="middle" font-family="SimHei" font-style="normal" font-size="6.9759" font-weight="bold">5</words>
    </direction-type>
    <voice>1</voice>
    <staff>1</staff>
   </direction>
   <note color="#000000" default-x="136" default-y="5">
    <pitch>
     <step>G</step>
     <octave>4</octave>
    </pitch>
    <duration>256</duration>
    <instrument id="P1-I1" />
    <voice>1</voice>
    <type>quarter</type>
    <stem>up</stem>
    <staff>1</staff>
   </note>
   <direction>
    <direction-type>
     <words default-x="200" default-y="15" justify="left" valign="middle" font-family="SimHei" font-style="normal" font-size="6.9759" font-weight="bold">1</words>
    </direction-type>
    <voice>1</voice>
    <staff>1</staff>
   </direction>
   <note color="#000000" default-x="196" default-y="-15">
    <pitch>
     <step>C</step>
     <octave>4</octave>
    </pitch>
    <duration>256</duration>
    <instrument id="P1-I1" />
    <voice>1</voice>
    <type>quarter</type>
    <stem>up</stem>
    <staff>1</staff>
   </note>
   <backup>
    <duration>256</duration>
   </backup>
   <direction>
    <direction-type>
     <wedge default-y="23" color="#000000" type="stop" />
    </direction-type>
    <voice>1</voice>
    <staff>2</staff>
   </direction>
   <backup>
    <duration>768</duration>
   </backup>
   <note default-x="15">
    <rest />
    <duration>1024</duration>
    <instrument id="P1-I1" />
    <voice>2</voice>
    <type>whole</type>
    <staff>2</staff>
   </note>
  </measure>
  <!--============== Part: P1, Measure: 8 ==============-->
  <measure number="8" width="257">
   <attributes />
   <note default-x="15">
    <rest />
    <duration>512</duration>
    <instrument id="P1-I1" />
    <voice>1</voice>
    <type>half</type>
    <staff>1</staff>
   </note>
   <direction>
    <direction-type>
     <words default-x="140" default-y="15" justify="left" valign="middle" font-family="SimHei" font-style="normal" font-size="6.9759" font-weight="bold">2</words>
    </direction-type>
    <voice>1</voice>
    <staff>1</staff>
   </direction>
   <note color="#000000" default-x="136" default-y="-10">
    <pitch>
     <step>D</step>
     <octave>4</octave>
    </pitch>
    <duration>256</duration>
    <instrument id="P1-I1" />
    <voice>1</voice>
    <type>quarter</type>
    <stem>up</stem>
    <staff>1</staff>
   </note>
   <note default-x="196">
    <rest />
    <duration>256</duration>
    <instrument id="P1-I1" />
    <voice>1</voice>
    <type>quarter</type>
    <staff>1</staff>
   </note>
   <backup>
    <duration>1024</duration>
   </backup>
   <direction>
    <direction-type>
     <wedge default-y="24" color="#000000" type="diminuendo" />
    </direction-type>
    <offset sound="no">99</offset>
    <voice>1</voice>
    <staff>2</staff>
   </direction>
   <forward>
    <duration>768</duration>
   </forward>
   <direction>
    <direction-type>
     <wedge default-y="24" color="#000000" type="stop" />
    </direction-type>
    <voice>1</voice>
    <staff>2</staff>
   </direction>
   <backup>
    <duration>768</duration>
   </backup>
   <direction>
    <direction-type>
     <words default-x="19" default-y="15" justify="left" valign="middle" font-family="SimHei" font-style="normal" font-size="6.9759" font-weight="bold">2</words>
    </direction-type>
    <voice>2</voice>
    <staff>2</staff>
   </direction>
   <note color="#000000" default-x="15" default-y="-30">
    <pitch>
     <step>B</step>
     <octave>3</octave>
    </pitch>
    <duration>256</duration>
    <instrument id="P1-I1" />
    <voice>2</voice>
    <type>quarter</type>
    <stem>down</stem>
    <staff>2</staff>
   </note>
   <direction>
    <direction-type>
     <words default-x="94" default-y="3" justify="left" valign="middle" font-family="SimHei" font-style="normal" font-size="6.9759" font-weight="bold">1</words>
    </direction-type>
    <voice>2</voice>
    <staff>2</staff>
   </direction>
   <note color="#000000" default-x="75" default-y="-25">
    <pitch>
     <step>C</step>
     <octave>4</octave>
    </pitch>
    <duration>256</duration>
    <instrument id="P1-I1" />
    <voice>2</voice>
    <type>quarter</type>
    <stem>down</stem>
    <staff>2</staff>
   </note>
   <note default-x="136">
    <rest />
    <duration>256</duration>
    <instrument id="P1-I1" />
    <voice>2</voice>
    <type>quarter</type>
    <staff>2</staff>
   </note>
   <direction>
    <direction-type>
     <words default-x="200" default-y="15" justify="left" valign="middle" font-family="SimHei" font-style="normal" font-size="6.9759" font-weight="bold">4</words>
    </direction-type>
    <voice>2</voice>
    <staff>2</staff>
   </direction>
   <note color="#000000" default-x="196" default-y="-40">
    <pitch>
     <step>G</step>
     <octave>3</octave>
    </pitch>
    <duration>256</duration>
    <instrument id="P1-I1" />
    <voice>2</voice>
    <type>quarter</type>
    <stem>down</stem>
    <staff>2</staff>
   </note>
  </measure>
  <!--============== Part: P1, Measure: 9 ==============-->
  <measure number="9" width="285">
   <print new-system="yes">
    <system-layout>
     <system-margins>
      <left-margin>22</left-margin>
      <right-margin>0</right-margin>
     </system-margins>
     <system-distance>90</system-distance>
    </system-layout>
    <staff-layout number="2">
     <staff-distance>55</staff-distance>
    </staff-layout>
   </print>
   <attributes>
    <staff-details number="1" print-object="yes" />
    <staff-details number="2" print-object="yes" />
   </attributes>
   <direction>
    <direction-type>
     <words default-x="61" default-y="15" justify="left" valign="middle" font-family="SimHei" font-style="normal" font-size="6.9759" font-weight="bold">1</words>
    </direction-type>
    <voice>1</voice>
    <staff>1</staff>
   </direction>
   <note color="#000000" default-x="57" default-y="-15">
    <pitch>
     <step>C</step>
     <octave>4</octave>
    </pitch>
    <duration>256</duration>
    <instrument id="P1-I1" />
    <voice>1</voice>
    <type>quarter</type>
    <stem>up</stem>
    <staff>1</staff>
   </note>
   <direction>
    <direction-type>
     <words default-x="123" default-y="15" justify="left" valign="middle" font-family="SimHei" font-style="normal" font-size="6.9759" font-weight="bold">1</words>
    </direction-type>
    <voice>1</voice>
    <staff>1</staff>
   </direction>
   <note color="#000000" default-x="119" default-y="-15">
    <pitch>
     <step>C</step>
     <octave>4</octave>
    </pitch>
    <duration>256</duration>
    <instrument id="P1-I1" />
    <voice>1</voice>
    <type>quarter</type>
    <stem>up</stem>
    <staff>1</staff>
   </note>
   <direction>
    <direction-type>
     <words default-x="185" default-y="15" justify="left" valign="middle" font-family="SimHei" font-style="normal" font-size="6.9759" font-weight="bold">1</words>
    </direction-type>
    <voice>1</voice>
    <staff>1</staff>
   </direction>
   <note color="#000000" default-x="180" default-y="-15">
    <pitch>
     <step>C</step>
     <octave>4</octave>
    </pitch>
    <duration>512</duration>
    <instrument id="P1-I1" />
    <voice>1</voice>
    <type>half</type>
    <stem>up</stem>
    <staff>1</staff>
   </note>
   <backup>
    <duration>1024</duration>
   </backup>
   <note default-x="57">
    <rest />
    <duration>1024</duration>
    <instrument id="P1-I1" />
    <voice>2</voice>
    <type>whole</type>
    <staff>2</staff>
   </note>
  </measure>
  <!--============== Part: P1, Measure: 10 ==============-->
  <measure number="10" width="243">
   <attributes />
   <direction>
    <direction-type>
     <words default-x="19" default-y="15" justify="left" valign="middle" font-family="SimHei" font-style="normal" font-size="6.9759" font-weight="bold">2</words>
    </direction-type>
    <voice>1</voice>
    <staff>1</staff>
   </direction>
   <note color="#000000" default-x="15" default-y="-10">
    <pitch>
     <step>D</step>
     <octave>4</octave>
    </pitch>
    <duration>256</duration>
    <instrument id="P1-I1" />
    <voice>1</voice>
    <type>quarter</type>
    <stem>up</stem>
    <staff>1</staff>
   </note>
   <direction>
    <direction-type>
     <words default-x="80" default-y="15" justify="left" valign="middle" font-family="SimHei" font-style="normal" font-size="6.9759" font-weight="bold">2</words>
    </direction-type>
    <voice>1</voice>
    <staff>1</staff>
   </direction>
   <note color="#000000" default-x="76" default-y="-10">
    <pitch>
     <step>D</step>
     <octave>4</octave>
    </pitch>
    <duration>256</duration>
    <instrument id="P1-I1" />
    <voice>1</voice>
    <type>quarter</type>
    <stem>up</stem>
    <staff>1</staff>
   </note>
   <direction>
    <direction-type>
     <words default-x="142" default-y="15" justify="left" valign="middle" font-family="SimHei" font-style="normal" font-size="6.9759" font-weight="bold">2</words>
    </direction-type>
    <voice>1</voice>
    <staff>1</staff>
   </direction>
   <note color="#000000" default-x="138" default-y="-10">
    <pitch>
     <step>D</step>
     <octave>4</octave>
    </pitch>
    <duration>512</duration>
    <instrument id="P1-I1" />
    <voice>1</voice>
    <type>half</type>
    <stem>up</stem>
    <staff>1</staff>
   </note>
   <backup>
    <duration>512</duration>
   </backup>
   <direction>
    <direction-type>
     <wedge default-y="21" color="#000000" type="crescendo" />
    </direction-type>
    <voice>1</voice>
    <staff>2</staff>
   </direction>
   <backup>
    <duration>512</duration>
   </backup>
   <note default-x="15">
    <rest />
    <duration>1024</duration>
    <instrument id="P1-I1" />
    <voice>2</voice>
    <type>whole</type>
    <staff>2</staff>
   </note>
  </measure>
  <!--============== Part: P1, Measure: 11 ==============-->
  <measure number="11" width="261">
   <attributes />
   <direction>
    <direction-type>
     <words default-x="19" default-y="15" justify="left" valign="middle" font-family="SimHei" font-style="normal" font-size="6.9759" font-weight="bold">3</words>
    </direction-type>
    <voice>1</voice>
    <staff>1</staff>
   </direction>
   <note color="#000000" default-x="15" default-y="-5">
    <pitch>
     <step>E</step>
     <octave>4</octave>
    </pitch>
    <duration>256</duration>
    <instrument id="P1-I1" />
    <voice>1</voice>
    <type>quarter</type>
    <stem>up</stem>
    <staff>1</staff>
   </note>
   <direction>
    <direction-type>
     <words default-x="80" default-y="15" justify="left" valign="middle" font-family="SimHei" font-style="normal" font-size="6.9759" font-weight="bold">4</words>
    </direction-type>
    <voice>1</voice>
    <staff>1</staff>
   </direction>
   <note color="#000000" default-x="76">
    <pitch>
     <step>F</step>
     <octave>4</octave>
    </pitch>
    <duration>256</duration>
    <instrument id="P1-I1" />
    <voice>1</voice>
    <type>quarter</type>
    <stem>up</stem>
    <staff>1</staff>
   </note>
   <direction>
    <direction-type>
     <words default-x="142" default-y="15" justify="left" valign="middle" font-family="SimHei" font-style="normal" font-size="6.9759" font-weight="bold">5</words>
    </direction-type>
    <voice>1</voice>
    <staff>1</staff>
   </direction>
   <note color="#000000" default-x="138" default-y="5">
    <pitch>
     <step>G</step>
     <octave>4</octave>
    </pitch>
    <duration>256</duration>
    <instrument id="P1-I1" />
    <voice>1</voice>
    <type>quarter</type>
    <stem>up</stem>
    <staff>1</staff>
   </note>
   <direction>
    <direction-type>
     <words default-x="204" default-y="15" justify="left" valign="middle" font-family="SimHei" font-style="normal" font-size="6.9759" font-weight="bold">1</words>
    </direction-type>
    <voice>1</voice>
    <staff>1</staff>
   </direction>
   <note color="#000000" default-x="200" default-y="-15">
    <pitch>
     <step>C</step>
     <octave>4</octave>
    </pitch>
    <duration>256</duration>
    <instrument id="P1-I1" />
    <voice>1</voice>
    <type>quarter</type>
    <stem>up</stem>
    <staff>1</staff>
   </note>
   <backup>
    <duration>160</duration>
   </backup>
   <direction>
    <direction-type>
     <wedge default-y="21" color="#000000" type="stop" />
    </direction-type>
    <voice>1</voice>
    <staff>2</staff>
   </direction>
   <backup>
    <duration>864</duration>
   </backup>
   <note default-x="15">
    <rest />
    <duration>1024</duration>
    <instrument id="P1-I1" />
    <voice>2</voice>
    <type>whole</type>
    <staff>2</staff>
   </note>
  </measure>
  <!--============== Part: P1, Measure: 12 ==============-->
  <measure number="12" width="243">
   <attributes />
   <direction>
    <direction-type>
     <words default-x="19" default-y="15" justify="left" valign="middle" font-family="SimHei" font-style="normal" font-size="6.9759" font-weight="bold">2</words>
    </direction-type>
    <voice>1</voice>
    <staff>1</staff>
   </direction>
   <note color="#000000" default-x="15" default-y="-10">
    <pitch>
     <step>D</step>
     <octave>4</octave>
    </pitch>
    <duration>256</duration>
    <instrument id="P1-I1" />
    <voice>1</voice>
    <type>quarter</type>
    <stem>up</stem>
    <staff>1</staff>
   </note>
   <note default-x="76">
    <rest />
    <duration>256</duration>
    <instrument id="P1-I1" />
    <voice>1</voice>
    <type>quarter</type>
    <staff>1</staff>
   </note>
   <note default-x="138">
    <rest />
    <duration>512</duration>
    <instrument id="P1-I1" />
    <voice>1</voice>
    <type>half</type>
    <staff>1</staff>
   </note>
   <backup>
    <duration>1024</duration>
   </backup>
   <direction>
    <direction-type>
     <wedge default-y="21" color="#000000" type="diminuendo" />
    </direction-type>
    <voice>1</voice>
    <staff>2</staff>
   </direction>
   <forward>
    <duration>512</duration>
   </forward>
   <direction>
    <direction-type>
     <wedge default-y="21" color="#000000" type="stop" />
    </direction-type>
    <offset sound="no">282</offset>
    <voice>1</voice>
    <staff>2</staff>
   </direction>
   <backup>
    <duration>512</duration>
   </backup>
   <note default-x="15">
    <rest />
    <duration>256</duration>
    <instrument id="P1-I1" />
    <voice>2</voice>
    <type>quarter</type>
    <staff>2</staff>
   </note>
   <direction>
    <direction-type>
     <words default-x="81" default-y="31" justify="left" valign="middle" font-family="SimHei" font-style="normal" font-size="6.9759" font-weight="bold">2</words>
    </direction-type>
    <voice>2</voice>
    <staff>2</staff>
   </direction>
   <note color="#000000" default-x="76" default-y="-30">
    <pitch>
     <step>B</step>
     <octave>3</octave>
    </pitch>
    <duration>256</duration>
    <instrument id="P1-I1" />
    <voice>2</voice>
    <type>quarter</type>
    <stem>down</stem>
    <staff>2</staff>
   </note>
   <direction>
    <direction-type>
     <words default-x="143" default-y="29" justify="left" valign="middle" font-family="SimHei" font-style="normal" font-size="6.9759" font-weight="bold">1</words>
    </direction-type>
    <voice>2</voice>
    <staff>2</staff>
   </direction>
   <note color="#000000" default-x="138" default-y="-25">
    <pitch>
     <step>C</step>
     <octave>4</octave>
    </pitch>
    <duration>512</duration>
    <instrument id="P1-I1" />
    <voice>2</voice>
    <type>half</type>
    <stem>down</stem>
    <staff>2</staff>
   </note>
  </measure>
  <!--============== Part: P1, Measure: 13 ==============-->
  <measure number="13" width="290">
   <print new-system="yes">
    <system-layout>
     <system-margins>
      <left-margin>22</left-margin>
      <right-margin>0</right-margin>
     </system-margins>
     <system-distance>90</system-distance>
    </system-layout>
    <staff-layout number="2">
     <staff-distance>55</staff-distance>
    </staff-layout>
   </print>
   <attributes>
    <staff-details number="1" print-object="yes" />
    <staff-details number="2" print-object="yes" />
   </attributes>
   <note default-x="42">
    <rest />
    <duration>1024</duration>
    <instrument id="P1-I1" />
    <voice>1</voice>
    <type>whole</type>
    <staff>1</staff>
   </note>
   <backup>
    <duration>1024</duration>
   </backup>
   <note default-x="42">
    <rest />
    <duration>1024</duration>
    <instrument id="P1-I1" />
    <voice>2</voice>
    <type>whole</type>
    <staff>2</staff>
   </note>
  </measure>
  <!--============== Part: P1, Measure: 14 ==============-->
  <measure number="14" width="247">
   <attributes />
   <note>
    <rest />
    <duration>1024</duration>
    <instrument id="P1-I1" />
    <voice>1</voice>
    <type>whole</type>
    <staff>1</staff>
   </note>
   <backup>
    <duration>1024</duration>
   </backup>
   <note>
    <rest />
    <duration>1024</duration>
    <instrument id="P1-I1" />
    <voice>2</voice>
    <type>whole</type>
    <staff>2</staff>
   </note>
  </measure>
  <!--============== Part: P1, Measure: 15 ==============-->
  <measure number="15" width="248">
   <attributes />
   <note>
    <rest />
    <duration>1024</duration>
    <instrument id="P1-I1" />
    <voice>1</voice>
    <type>whole</type>
    <staff>1</staff>
   </note>
   <backup>
    <duration>1024</duration>
   </backup>
   <note>
    <rest />
    <duration>1024</duration>
    <instrument id="P1-I1" />
    <voice>2</voice>
    <type>whole</type>
    <staff>2</staff>
   </note>
  </measure>
  <!--============== Part: P1, Measure: 16 ==============-->
  <measure number="16" width="247">
   <attributes />
   <note>
    <rest />
    <duration>1024</duration>
    <instrument id="P1-I1" />
    <voice>1</voice>
    <type>whole</type>
    <staff>1</staff>
   </note>
   <backup>
    <duration>1024</duration>
   </backup>
   <note>
    <rest />
    <duration>1024</duration>
    <instrument id="P1-I1" />
    <voice>2</voice>
    <type>whole</type>
    <staff>2</staff>
   </note>
  </measure>
  <!--============== Part: P1, Measure: 17 ==============-->
  <measure number="17" width="281">
   <print new-system="yes">
    <system-layout>
     <system-margins>
      <left-margin>22</left-margin>
      <right-margin>0</right-margin>
     </system-margins>
     <system-distance>90</system-distance>
    </system-layout>
    <staff-layout number="2">
     <staff-distance>55</staff-distance>
    </staff-layout>
   </print>
   <attributes>
    <staff-details number="1" print-object="yes" />
    <staff-details number="2" print-object="yes" />
   </attributes>
   <direction>
    <direction-type>
     <words default-x="61" default-y="15" justify="left" valign="middle" font-family="SimHei" font-style="normal" font-size="6.9759" font-weight="bold">1</words>
    </direction-type>
    <voice>1</voice>
    <staff>1</staff>
   </direction>
   <direction>
    <direction-type>
     <dynamics default-x="51" default-y="-70" color="#000000" font-family="Opus Text Std" font-style="normal" font-size="11.9365" font-weight="normal">
      <p />
     </dynamics>
    </direction-type>
    <voice>1</voice>
    <staff>1</staff>
   </direction>
   <note color="#000000" default-x="57" default-y="-15">
    <pitch>
     <step>C</step>
     <octave>4</octave>
    </pitch>
    <duration>256</duration>
    <instrument id="P1-I1" />
    <voice>1</voice>
    <type>quarter</type>
    <stem>up</stem>
    <staff>1</staff>
   </note>
   <direction>
    <direction-type>
     <words default-x="122" default-y="15" justify="left" valign="middle" font-family="SimHei" font-style="normal" font-size="6.9759" font-weight="bold">1</words>
    </direction-type>
    <voice>1</voice>
    <staff>1</staff>
   </direction>
   <note color="#000000" default-x="118" default-y="-15">
    <pitch>
     <step>C</step>
     <octave>4</octave>
    </pitch>
    <duration>256</duration>
    <instrument id="P1-I1" />
    <voice>1</voice>
    <type>quarter</type>
    <stem>up</stem>
    <staff>1</staff>
   </note>
   <direction>
    <direction-type>
     <words default-x="182" default-y="15" justify="left" valign="middle" font-family="SimHei" font-style="normal" font-size="6.9759" font-weight="bold">1</words>
    </direction-type>
    <voice>1</voice>
    <staff>1</staff>
   </direction>
   <note color="#000000" default-x="178" default-y="-15">
    <pitch>
     <step>C</step>
     <octave>4</octave>
    </pitch>
    <duration>512</duration>
    <instrument id="P1-I1" />
    <voice>1</voice>
    <type>half</type>
    <stem>up</stem>
    <staff>1</staff>
   </note>
   <backup>
    <duration>1024</duration>
   </backup>
   <note default-x="57">
    <rest />
    <duration>1024</duration>
    <instrument id="P1-I1" />
    <voice>2</voice>
    <type>whole</type>
    <staff>2</staff>
   </note>
  </measure>
  <!--============== Part: P1, Measure: 18 ==============-->
  <measure number="18" width="238">
   <attributes />
   <direction>
    <direction-type>
     <words default-x="19" default-y="15" justify="left" valign="middle" font-family="SimHei" font-style="normal" font-size="6.9759" font-weight="bold">2</words>
    </direction-type>
    <voice>1</voice>
    <staff>1</staff>
   </direction>
   <note color="#000000" default-x="15" default-y="-10">
    <pitch>
     <step>D</step>
     <octave>4</octave>
    </pitch>
    <duration>256</duration>
    <instrument id="P1-I1" />
    <voice>1</voice>
    <type>quarter</type>
    <stem>up</stem>
    <staff>1</staff>
   </note>
   <direction>
    <direction-type>
     <words default-x="79" default-y="15" justify="left" valign="middle" font-family="SimHei" font-style="normal" font-size="6.9759" font-weight="bold">2</words>
    </direction-type>
    <voice>1</voice>
    <staff>1</staff>
   </direction>
   <note color="#000000" default-x="75" default-y="-10">
    <pitch>
     <step>D</step>
     <octave>4</octave>
    </pitch>
    <duration>256</duration>
    <instrument id="P1-I1" />
    <voice>1</voice>
    <type>quarter</type>
    <stem>up</stem>
    <staff>1</staff>
   </note>
   <direction>
    <direction-type>
     <words default-x="140" default-y="15" justify="left" valign="middle" font-family="SimHei" font-style="normal" font-size="6.9759" font-weight="bold">2</words>
    </direction-type>
    <voice>1</voice>
    <staff>1</staff>
   </direction>
   <note color="#000000" default-x="136" default-y="-10">
    <pitch>
     <step>D</step>
     <octave>4</octave>
    </pitch>
    <duration>512</duration>
    <instrument id="P1-I1" />
    <voice>1</voice>
    <type>half</type>
    <stem>up</stem>
    <staff>1</staff>
   </note>
   <backup>
    <duration>512</duration>
   </backup>
   <direction>
    <direction-type>
     <wedge default-y="23" color="#000000" type="crescendo" />
    </direction-type>
    <voice>1</voice>
    <staff>2</staff>
   </direction>
   <backup>
    <duration>512</duration>
   </backup>
   <note default-x="15">
    <rest />
    <duration>1024</duration>
    <instrument id="P1-I1" />
    <voice>2</voice>
    <type>whole</type>
    <staff>2</staff>
   </note>
  </measure>
  <!--============== Part: P1, Measure: 19 ==============-->
  <measure number="19" width="257">
   <attributes />
   <direction>
    <direction-type>
     <words default-x="19" default-y="15" justify="left" valign="middle" font-family="SimHei" font-style="normal" font-size="6.9759" font-weight="bold">3</words>
    </direction-type>
    <voice>1</voice>
    <staff>1</staff>
   </direction>
   <note color="#000000" default-x="15" default-y="-5">
    <pitch>
     <step>E</step>
     <octave>4</octave>
    </pitch>
    <duration>256</duration>
    <instrument id="P1-I1" />
    <voice>1</voice>
    <type>quarter</type>
    <stem>up</stem>
    <staff>1</staff>
   </note>
   <direction>
    <direction-type>
     <words default-x="79" default-y="15" justify="left" valign="middle" font-family="SimHei" font-style="normal" font-size="6.9759" font-weight="bold">4</words>
    </direction-type>
    <voice>1</voice>
    <staff>1</staff>
   </direction>
   <note color="#000000" default-x="75">
    <pitch>
     <step>F</step>
     <octave>4</octave>
    </pitch>
    <duration>256</duration>
    <instrument id="P1-I1" />
    <voice>1</voice>
    <type>quarter</type>
    <stem>up</stem>
    <staff>1</staff>
   </note>
   <direction>
    <direction-type>
     <words default-x="140" default-y="15" justify="left" valign="middle" font-family="SimHei" font-style="normal" font-size="6.9759" font-weight="bold">5</words>
    </direction-type>
    <voice>1</voice>
    <staff>1</staff>
   </direction>
   <note color="#000000" default-x="136" default-y="5">
    <pitch>
     <step>G</step>
     <octave>4</octave>
    </pitch>
    <duration>256</duration>
    <instrument id="P1-I1" />
    <voice>1</voice>
    <type>quarter</type>
    <stem>up</stem>
    <staff>1</staff>
   </note>
   <direction>
    <direction-type>
     <words default-x="200" default-y="15" justify="left" valign="middle" font-family="SimHei" font-style="normal" font-size="6.9759" font-weight="bold">1</words>
    </direction-type>
    <voice>1</voice>
    <staff>1</staff>
   </direction>
   <note color="#000000" default-x="196" default-y="-15">
    <pitch>
     <step>C</step>
     <octave>4</octave>
    </pitch>
    <duration>256</duration>
    <instrument id="P1-I1" />
    <voice>1</voice>
    <type>quarter</type>
    <stem>up</stem>
    <staff>1</staff>
   </note>
   <backup>
    <duration>256</duration>
   </backup>
   <direction>
    <direction-type>
     <wedge default-y="23" color="#000000" type="stop" />
    </direction-type>
    <voice>1</voice>
    <staff>2</staff>
   </direction>
   <backup>
    <duration>768</duration>
   </backup>
   <note default-x="15">
    <rest />
    <duration>1024</duration>
    <instrument id="P1-I1" />
    <voice>2</voice>
    <type>whole</type>
    <staff>2</staff>
   </note>
  </measure>
  <!--============== Part: P1, Measure: 20 ==============-->
  <measure number="20" width="257">
   <attributes />
   <note default-x="15">
    <rest />
    <duration>512</duration>
    <instrument id="P1-I1" />
    <voice>1</voice>
    <type>half</type>
    <staff>1</staff>
   </note>
   <direction>
    <direction-type>
     <words default-x="140" default-y="15" justify="left" valign="middle" font-family="SimHei" font-style="normal" font-size="6.9759" font-weight="bold">2</words>
    </direction-type>
    <voice>1</voice>
    <staff>1</staff>
   </direction>
   <note color="#000000" default-x="136" default-y="-10">
    <pitch>
     <step>D</step>
     <octave>4</octave>
    </pitch>
    <duration>256</duration>
    <instrument id="P1-I1" />
    <voice>1</voice>
    <type>quarter</type>
    <stem>up</stem>
    <staff>1</staff>
   </note>
   <note default-x="196">
    <rest />
    <duration>256</duration>
    <instrument id="P1-I1" />
    <voice>1</voice>
    <type>quarter</type>
    <staff>1</staff>
   </note>
   <backup>
    <duration>1024</duration>
   </backup>
   <direction>
    <direction-type>
     <wedge default-y="24" color="#000000" type="diminuendo" />
    </direction-type>
    <offset sound="no">99</offset>
    <voice>1</voice>
    <staff>2</staff>
   </direction>
   <forward>
    <duration>768</duration>
   </forward>
   <direction>
    <direction-type>
     <wedge default-y="24" color="#000000" type="stop" />
    </direction-type>
    <voice>1</voice>
    <staff>2</staff>
   </direction>
   <backup>
    <duration>768</duration>
   </backup>
   <direction>
    <direction-type>
     <words default-x="19" default-y="15" justify="left" valign="middle" font-family="SimHei" font-style="normal" font-size="6.9759" font-weight="bold">2</words>
    </direction-type>
    <voice>2</voice>
    <staff>2</staff>
   </direction>
   <note color="#000000" default-x="15" default-y="-30">
    <pitch>
     <step>B</step>
     <octave>3</octave>
    </pitch>
    <duration>256</duration>
    <instrument id="P1-I1" />
    <voice>2</voice>
    <type>quarter</type>
    <stem>down</stem>
    <staff>2</staff>
   </note>
   <direction>
    <direction-type>
     <words default-x="94" default-y="3" justify="left" valign="middle" font-family="SimHei" font-style="normal" font-size="6.9759" font-weight="bold">1</words>
    </direction-type>
    <voice>2</voice>
    <staff>2</staff>
   </direction>
   <note color="#000000" default-x="75" default-y="-25">
    <pitch>
     <step>C</step>
     <octave>4</octave>
    </pitch>
    <duration>256</duration>
    <instrument id="P1-I1" />
    <voice>2</voice>
    <type>quarter</type>
    <stem>down</stem>
    <staff>2</staff>
   </note>
   <note default-x="136">
    <rest />
    <duration>256</duration>
    <instrument id="P1-I1" />
    <voice>2</voice>
    <type>quarter</type>
    <staff>2</staff>
   </note>
   <direction>
    <direction-type>
     <words default-x="200" default-y="15" justify="left" valign="middle" font-family="SimHei" font-style="normal" font-size="6.9759" font-weight="bold">4</words>
    </direction-type>
    <voice>2</voice>
    <staff>2</staff>
   </direction>
   <note color="#000000" default-x="196" default-y="-40">
    <pitch>
     <step>G</step>
     <octave>3</octave>
    </pitch>
    <duration>256</duration>
    <instrument id="P1-I1" />
    <voice>2</voice>
    <type>quarter</type>
    <stem>down</stem>
    <staff>2</staff>
   </note>
  </measure>
  <!--============== Part: P1, Measure: 21 ==============-->
  <measure number="21" width="285">
   <print new-system="yes">
    <system-layout>
     <system-margins>
      <left-margin>22</left-margin>
      <right-margin>0</right-margin>
     </system-margins>
     <system-distance>90</system-distance>
    </system-layout>
    <staff-layout number="2">
     <staff-distance>55</staff-distance>
    </staff-layout>
   </print>
   <attributes>
    <staff-details number="1" print-object="yes" />
    <staff-details number="2" print-object="yes" />
   </attributes>
   <direction>
    <direction-type>
     <words default-x="61" default-y="15" justify="left" valign="middle" font-family="SimHei" font-style="normal" font-size="6.9759" font-weight="bold">1</words>
    </direction-type>
    <voice>1</voice>
    <staff>1</staff>
   </direction>
   <note color="#000000" default-x="57" default-y="-15">
    <pitch>
     <step>C</step>
     <octave>4</octave>
    </pitch>
    <duration>256</duration>
    <instrument id="P1-I1" />
    <voice>1</voice>
    <type>quarter</type>
    <stem>up</stem>
    <staff>1</staff>
   </note>
   <direction>
    <direction-type>
     <words default-x="123" default-y="15" justify="left" valign="middle" font-family="SimHei" font-style="normal" font-size="6.9759" font-weight="bold">1</words>
    </direction-type>
    <voice>1</voice>
    <staff>1</staff>
   </direction>
   <note color="#000000" default-x="119" default-y="-15">
    <pitch>
     <step>C</step>
     <octave>4</octave>
    </pitch>
    <duration>256</duration>
    <instrument id="P1-I1" />
    <voice>1</voice>
    <type>quarter</type>
    <stem>up</stem>
    <staff>1</staff>
   </note>
   <direction>
    <direction-type>
     <words default-x="185" default-y="15" justify="left" valign="middle" font-family="SimHei" font-style="normal" font-size="6.9759" font-weight="bold">1</words>
    </direction-type>
    <voice>1</voice>
    <staff>1</staff>
   </direction>
   <note color="#000000" default-x="180" default-y="-15">
    <pitch>
     <step>C</step>
     <octave>4</octave>
    </pitch>
    <duration>512</duration>
    <instrument id="P1-I1" />
    <voice>1</voice>
    <type>half</type>
    <stem>up</stem>
    <staff>1</staff>
   </note>
   <backup>
    <duration>1024</duration>
   </backup>
   <note default-x="57">
    <rest />
    <duration>1024</duration>
    <instrument id="P1-I1" />
    <voice>2</voice>
    <type>whole</type>
    <staff>2</staff>
   </note>
  </measure>
  <!--============== Part: P1, Measure: 22 ==============-->
  <measure number="22" width="243">
   <attributes />
   <direction>
    <direction-type>
     <words default-x="19" default-y="15" justify="left" valign="middle" font-family="SimHei" font-style="normal" font-size="6.9759" font-weight="bold">2</words>
    </direction-type>
    <voice>1</voice>
    <staff>1</staff>
   </direction>
   <note color="#000000" default-x="15" default-y="-10">
    <pitch>
     <step>D</step>
     <octave>4</octave>
    </pitch>
    <duration>256</duration>
    <instrument id="P1-I1" />
    <voice>1</voice>
    <type>quarter</type>
    <stem>up</stem>
    <staff>1</staff>
   </note>
   <direction>
    <direction-type>
     <words default-x="80" default-y="15" justify="left" valign="middle" font-family="SimHei" font-style="normal" font-size="6.9759" font-weight="bold">2</words>
    </direction-type>
    <voice>1</voice>
    <staff>1</staff>
   </direction>
   <note color="#000000" default-x="76" default-y="-10">
    <pitch>
     <step>D</step>
     <octave>4</octave>
    </pitch>
    <duration>256</duration>
    <instrument id="P1-I1" />
    <voice>1</voice>
    <type>quarter</type>
    <stem>up</stem>
    <staff>1</staff>
   </note>
   <direction>
    <direction-type>
     <words default-x="142" default-y="15" justify="left" valign="middle" font-family="SimHei" font-style="normal" font-size="6.9759" font-weight="bold">2</words>
    </direction-type>
    <voice>1</voice>
    <staff>1</staff>
   </direction>
   <note color="#000000" default-x="138" default-y="-10">
    <pitch>
     <step>D</step>
     <octave>4</octave>
    </pitch>
    <duration>512</duration>
    <instrument id="P1-I1" />
    <voice>1</voice>
    <type>half</type>
    <stem>up</stem>
    <staff>1</staff>
   </note>
   <backup>
    <duration>512</duration>
   </backup>
   <direction>
    <direction-type>
     <wedge default-y="21" color="#000000" type="crescendo" />
    </direction-type>
    <voice>1</voice>
    <staff>2</staff>
   </direction>
   <backup>
    <duration>512</duration>
   </backup>
   <note default-x="15">
    <rest />
    <duration>1024</duration>
    <instrument id="P1-I1" />
    <voice>2</voice>
    <type>whole</type>
    <staff>2</staff>
   </note>
  </measure>
  <!--============== Part: P1, Measure: 23 ==============-->
  <measure number="23" width="261">
   <attributes />
   <direction>
    <direction-type>
     <words default-x="19" default-y="15" justify="left" valign="middle" font-family="SimHei" font-style="normal" font-size="6.9759" font-weight="bold">3</words>
    </direction-type>
    <voice>1</voice>
    <staff>1</staff>
   </direction>
   <note color="#000000" default-x="15" default-y="-5">
    <pitch>
     <step>E</step>
     <octave>4</octave>
    </pitch>
    <duration>256</duration>
    <instrument id="P1-I1" />
    <voice>1</voice>
    <type>quarter</type>
    <stem>up</stem>
    <staff>1</staff>
   </note>
   <direction>
    <direction-type>
     <words default-x="80" default-y="15" justify="left" valign="middle" font-family="SimHei" font-style="normal" font-size="6.9759" font-weight="bold">4</words>
    </direction-type>
    <voice>1</voice>
    <staff>1</staff>
   </direction>
   <note color="#000000" default-x="76">
    <pitch>
     <step>F</step>
     <octave>4</octave>
    </pitch>
    <duration>256</duration>
    <instrument id="P1-I1" />
    <voice>1</voice>
    <type>quarter</type>
    <stem>up</stem>
    <staff>1</staff>
   </note>
   <direction>
    <direction-type>
     <words default-x="142" default-y="15" justify="left" valign="middle" font-family="SimHei" font-style="normal" font-size="6.9759" font-weight="bold">5</words>
    </direction-type>
    <voice>1</voice>
    <staff>1</staff>
   </direction>
   <note color="#000000" default-x="138" default-y="5">
    <pitch>
     <step>G</step>
     <octave>4</octave>
    </pitch>
    <duration>256</duration>
    <instrument id="P1-I1" />
    <voice>1</voice>
    <type>quarter</type>
    <stem>up</stem>
    <staff>1</staff>
   </note>
   <direction>
    <direction-type>
     <words default-x="204" default-y="15" justify="left" valign="middle" font-family="SimHei" font-style="normal" font-size="6.9759" font-weight="bold">1</words>
    </direction-type>
    <voice>1</voice>
    <staff>1</staff>
   </direction>
   <note color="#000000" default-x="200" default-y="-15">
    <pitch>
     <step>C</step>
     <octave>4</octave>
    </pitch>
    <duration>256</duration>
    <instrument id="P1-I1" />
    <voice>1</voice>
    <type>quarter</type>
    <stem>up</stem>
    <staff>1</staff>
   </note>
   <backup>
    <duration>160</duration>
   </backup>
   <direction>
    <direction-type>
     <wedge default-y="21" color="#000000" type="stop" />
    </direction-type>
    <voice>1</voice>
    <staff>2</staff>
   </direction>
   <backup>
    <duration>864</duration>
   </backup>
   <note default-x="15">
    <rest />
    <duration>1024</duration>
    <instrument id="P1-I1" />
    <voice>2</voice>
    <type>whole</type>
    <staff>2</staff>
   </note>
  </measure>
  <!--============== Part: P1, Measure: 24 ==============-->
  <measure number="24" width="243">
   <attributes />
   <direction>
    <direction-type>
     <words default-x="19" default-y="15" justify="left" valign="middle" font-family="SimHei" font-style="normal" font-size="6.9759" font-weight="bold">2</words>
    </direction-type>
    <voice>1</voice>
    <staff>1</staff>
   </direction>
   <note color="#000000" default-x="15" default-y="-10">
    <pitch>
     <step>D</step>
     <octave>4</octave>
    </pitch>
    <duration>256</duration>
    <instrument id="P1-I1" />
    <voice>1</voice>
    <type>quarter</type>
    <stem>up</stem>
    <staff>1</staff>
   </note>
   <note default-x="76">
    <rest />
    <duration>256</duration>
    <instrument id="P1-I1" />
    <voice>1</voice>
    <type>quarter</type>
    <staff>1</staff>
   </note>
   <note default-x="138">
    <rest />
    <duration>512</duration>
    <instrument id="P1-I1" />
    <voice>1</voice>
    <type>half</type>
    <staff>1</staff>
   </note>
   <backup>
    <duration>1024</duration>
   </backup>
   <direction>
    <direction-type>
     <wedge default-y="21" color="#000000" type="diminuendo" />
    </direction-type>
    <voice>1</voice>
    <staff>2</staff>
   </direction>
   <forward>
    <duration>512</duration>
   </forward>
   <direction>
    <direction-type>
     <wedge default-y="21" color="#000000" type="stop" />
    </direction-type>
    <offset sound="no">282</offset>
    <voice>1</voice>
    <staff>2</staff>
   </direction>
   <backup>
    <duration>512</duration>
   </backup>
   <note default-x="15">
    <rest />
    <duration>256</duration>
    <instrument id="P1-I1" />
    <voice>2</voice>
    <type>quarter</type>
    <staff>2</staff>
   </note>
   <direction>
    <direction-type>
     <words default-x="81" default-y="31" justify="left" valign="middle" font-family="SimHei" font-style="normal" font-size="6.9759" font-weight="bold">2</words>
    </direction-type>
    <voice>2</voice>
    <staff>2</staff>
   </direction>
   <note color="#000000" default-x="76" default-y="-30">
    <pitch>
     <step>B</step>
     <octave>3</octave>
    </pitch>
    <duration>256</duration>
    <instrument id="P1-I1" />
    <voice>2</voice>
    <type>quarter</type>
    <stem>down</stem>
    <staff>2</staff>
   </note>
   <direction>
    <direction-type>
     <words default-x="143" default-y="29" justify="left" valign="middle" font-family="SimHei" font-style="normal" font-size="6.9759" font-weight="bold">1</words>
    </direction-type>
    <voice>2</voice>
    <staff>2</staff>
   </direction>
   <note color="#000000" default-x="138" default-y="-25">
    <pitch>
     <step>C</step>
     <octave>4</octave>
    </pitch>
    <duration>512</duration>
    <instrument id="P1-I1" />
    <voice>2</voice>
    <type>half</type>
    <stem>down</stem>
    <staff>2</staff>
   </note>
  </measure>
  <!--============== Part: P1, Measure: 25 ==============-->
  <measure number="25" width="286">
   <print new-page="yes">
    <system-layout>
     <system-margins>
      <left-margin>22</left-margin>
      <right-margin>0</right-margin>
     </system-margins>
     <top-system-distance>129</top-system-distance>
    </system-layout>
    <staff-layout number="2">
     <staff-distance>55</staff-distance>
    </staff-layout>
   </print>
   <attributes>
    <staff-details number="1" print-object="yes" />
    <staff-details number="2" print-object="yes" />
   </attributes>
   <note default-x="42">
    <rest />
    <duration>1024</duration>
    <instrument id="P1-I1" />
    <voice>1</voice>
    <type>whole</type>
    <staff>1</staff>
   </note>
   <backup>
    <duration>1024</duration>
   </backup>
   <note default-x="42">
    <rest />
    <duration>1024</duration>
    <instrument id="P1-I1" />
    <voice>2</voice>
    <type>whole</type>
    <staff>2</staff>
   </note>
  </measure>
  <!--============== Part: P1, Measure: 26 ==============-->
  <measure number="26" width="244">
   <attributes />
   <note>
    <rest />
    <duration>1024</duration>
    <instrument id="P1-I1" />
    <voice>1</voice>
    <type>whole</type>
    <staff>1</staff>
   </note>
   <backup>
    <duration>1024</duration>
   </backup>
   <note>
    <rest />
    <duration>1024</duration>
    <instrument id="P1-I1" />
    <voice>2</voice>
    <type>whole</type>
    <staff>2</staff>
   </note>
  </measure>
  <!--============== Part: P1, Measure: 27 ==============-->
  <measure number="27" width="244">
   <attributes />
   <note>
    <rest />
    <duration>1024</duration>
    <instrument id="P1-I1" />
    <voice>1</voice>
    <type>whole</type>
    <staff>1</staff>
   </note>
   <backup>
    <duration>1024</duration>
   </backup>
   <note>
    <rest />
    <duration>1024</duration>
    <instrument id="P1-I1" />
    <voice>2</voice>
    <type>whole</type>
    <staff>2</staff>
   </note>
  </measure>
  <!--============== Part: P1, Measure: 28 ==============-->
  <measure number="28" width="259">
   <attributes />
   <note>
    <rest />
    <duration>1024</duration>
    <instrument id="P1-I1" />
    <voice>1</voice>
    <type>whole</type>
    <staff>1</staff>
   </note>
   <barline>
    <bar-style>light-heavy</bar-style>
   </barline>
   <backup>
    <duration>1024</duration>
   </backup>
   <note>
    <rest />
    <duration>1024</duration>
    <instrument id="P1-I1" />
    <voice>2</voice>
    <type>whole</type>
    <staff>2</staff>
   </note>
  </measure>
 </part>
</score-partwise>
